{"channel":{"id":875453,"name":"NODEMCU","latitude":"0.0","longitude":"0.0","field1":"Humidity","field2":"Temperature","created_at":"2019-09-30T06:57:17Z","updated_at":"2022-03-21T11:21:39Z","last_entry_id":665},"feeds":[{"created_at":"2022-03-21T11:53:00Z","entry_id":646,"field1":"23.00000","field2":null},{"created_at":"2022-03-21T11:53:17Z","entry_id":647,"field1":null,"field2":"32.70000"},{"created_at":"2022-03-21T11:53:35Z","entry_id":648,"field1":"24.00000","field2":null},{"created_at":"2022-03-21T11:54:08Z","entry_id":649,"field1":"24.00000","field2":null},{"created_at":"2022-03-21T11:54:23Z","entry_id":650,"field1":null,"field2":"32.40000"},{"created_at":"2022-03-21T11:54:39Z","entry_id":651,"field1":"26.00000","field2":null},{"created_at":"2022-03-21T11:54:58Z","entry_id":652,"field1":"26.00000","field2":null},{"created_at":"2022-03-21T11:55:16Z","entry_id":653,"field1":"25.00000","field2":null},{"created_at":"2022-03-21T11:55:34Z","entry_id":654,"field1":"25.00000","field2":null},{"created_at":"2022-03-21T11:55:52Z","entry_id":655,"field1":"24.00000","field2":null},{"created_at":"2022-03-21T11:56:09Z","entry_id":656,"field1":"25.00000","field2":null},{"created_at":"2022-03-21T11:56:27Z","entry_id":657,"field1":"24.00000","field2":null},{"created_at":"2022-03-21T11:56:45Z","entry_id":658,"field1":"24.00000","field2":null},{"created_at":"2022-03-21T11:57:03Z","entry_id":659,"field1":"24.00000","field2":null},{"created_at":"2022-03-21T11:57:21Z","entry_id":660,"field1":"24.00000","field2":null},{"created_at":"2022-03-21T11:57:39Z","entry_id":661,"field1":"24.00000","field2":null},{"created_at":"2022-03-21T11:57:57Z","entry_id":662,"field1":"24.00000","field2":null},{"created_at":"2022-03-21T11:58:16Z","entry_id":663,"field1":"25.00000","field2":null},{"created_at":"2022-03-21T11:58:35Z","entry_id":664,"field1":"25.00000","field2":null},{"created_at":"2022-03-21T11:59:36Z","entry_id":665,"field1":"25.00000","field2":null}]}